time_ms,CH1,CH2,CH3,CH4,CH5,CH6,CH7,CH8
0,0,0,0,0,0,0,0,0
10,0,1,0,1,0,0,0,0
20,0,2,0,2,0,0,0,0
30,0,3,0,3,0,0,0,0
40,0,3,0,4,0,0,0,0
50,0,4,0,5,1,0,0,0
60,1,5,0,6,1,0,0,0
70,1,6,0,7,1,0,0,0
80,1,7,0,8,2,0,0,0
90,1,8,0,9,2,0,0,0
100,2,8,0,10,3,0,0,0
110,2,9,0,11,3,0,0,0
120,2,10,0,12,4,0,0,0
130,3,11,0,13,5,0,0,0
140,3,12,0,14,5,0,0,0
150,4,13,0,15,6,0,0,0
160,4,14,1,16,7,0,0,0
170,5,14,1,17,8,0,0,0
180,5,15,1,18,9,0,0,0
190,6,16,1,19,10,0,0,0
200,6,17,1,20,11,0,0,0
210,7,18,1,21,12,0,0,0
220,8,19,1,22,13,0,0,0
230,8,20,1,23,15,0,0,0
240,9,20,1,24,16,0,0,0
250,10,21,1,25,17,0,0,0
260,10,22,1,26,18,0,0,0
270,11,23,1,27,20,0,0,0
280,12,24,2,28,21,0,0,0
290,13,25,2,29,23,0,0,0
300,14,26,2,30,24,0,0,0
310,15,26,2,31,26,0,0,0
320,16,27,2,32,28,0,0,0
330,17,28,2,33,29,0,0,0
340,18,29,2,34,31,0,0,0
350,19,30,2,35,33,0,0,0
360,20,31,3,36,35,0,0,0
370,21,31,3,37,36,0,0,0
380,22,32,3,38,38,0,0,0
390,23,33,3,39,40,0,0,0
400,24,34,3,40,42,0,0,0
410,26,35,3,41,44,0,0,0
420,27,36,3,42,46,0,0,0
430,28,37,4,43,48,0,0,0
440,29,37,4,44,50,0,0,0
450,31,38,4,45,53,0,0,0
460,32,39,4,46,55,0,0,0
470,33,40,4,47,57,0,0,0
480,35,41,5,48,59,0,0,0
490,36,42,5,49,61,0,0,0
500,37,42,5,50,64,0,0,0
510,39,43,5,51,66,0,0,0
520,40,44,5,52,68,0,0,0
530,42,45,6,53,71,0,0,0
540,43,46,6,54,73,0,0,0
550,45,47,6,55,76,0,0,0
560,46,48,6,56,78,0,0,0
570,48,48,6,57,81,0,0,0
580,49,49,7,58,83,0,0,0
590,51,50,7,59,86,0,0,0
600,53,51,7,60,88,0,0,0
610,54,52,7,61,91,0,0,0
620,56,53,8,61,93,0,0,0
630,57,54,8,62,96,0,0,0
640,59,54,8,63,98,0,0,0
650,61,55,8,64,101,0,0,0
660,63,56,9,65,104,0,0,0
670,64,57,9,66,106,0,0,0
680,66,58,9,67,109,0,0,0
690,68,59,9,68,112,0,0,0
700,70,60,10,69,114,0,0,0
710,71,60,10,70,117,0,0,0
720,73,61,10,71,119,0,0,0
730,75,62,10,72,122,0,0,0
740,77,63,11,73,125,0,0,0
750,79,64,11,74,127,0,0,0
760,81,65,11,75,130,0,0,0
770,82,65,12,76,133,0,0,0
780,84,66,12,77,136,0,0,0
790,86,67,12,78,138,0,0,0
800,88,68,12,79,141,0,0,0
810,90,69,13,80,143,0,0,0
820,92,70,13,81,146,0,0,0
830,94,71,13,82,149,0,0,0
840,96,71,14,83,151,0,0,0
850,98,72,14,84,154,0,0,0
860,100,73,14,84,157,0,0,0
870,102,74,15,85,159,0,0,0
880,104,75,15,86,162,0,0,0
890,106,76,15,87,164,0,0,0
900,108,76,16,88,167,0,0,0
910,110,77,16,89,169,0,0,0
920,112,78,16,90,172,0,0,0
930,114,79,17,91,174,0,0,0
940,116,80,17,92,177,0,0,0
950,117,81,18,93,179,0,0,0
960,119,82,18,94,182,0,0,0
970,121,82,18,95,184,0,0,0
980,123,83,19,96,187,0,0,0
990,125,84,19,97,189,0,0,0
1000,127,85,19,98,191,0,0,0
1010,130,86,20,99,194,0,0,0
1020,132,87,20,99,196,0,0,0
1030,134,88,21,100,198,0,0,0
1040,136,88,21,101,200,0,0,0
1050,138,89,21,102,202,0,0,0
1060,139,90,22,103,205,0,0,0
1070,141,91,22,104,207,0,0,0
1080,143,92,23,105,209,0,0,0
1090,145,93,23,106,211,0,0,0
1100,147,94,23,107,213,0,0,0
1110,149,94,24,108,215,0,0,0
1120,151,95,24,109,217,0,0,0
1130,153,96,25,109,219,0,0,0
1140,155,97,25,110,220,0,0,0
1150,157,98,26,111,222,0,0,0
1160,159,99,26,112,224,0,0,0
1170,161,99,26,113,226,0,0,0
1180,163,100,27,114,227,0,0,0
1190,165,101,27,115,229,0,0,0
1200,167,102,28,116,231,0,0,0
1210,169,103,28,117,232,0,0,0
1220,171,104,29,118,234,0,0,0
1230,173,105,29,118,235,0,0,0
1240,174,105,30,119,237,0,0,0
1250,176,106,30,120,238,0,0,0
1260,178,107,31,121,239,0,0,0
1270,180,108,31,122,240,0,0,0
1280,182,109,32,123,242,0,0,0
1290,184,110,32,124,243,0,0,0
1300,185,110,33,125,244,0,0,0
1310,187,111,33,125,245,0,0,0
1320,189,112,33,126,246,0,0,0
1330,191,113,34,127,247,0,0,0
1340,192,114,34,128,248,0,0,0
1350,194,115,35,129,249,0,0,0
1360,196,116,36,130,250,0,0,0
1370,198,116,36,131,250,0,0,0
1380,199,117,37,132,251,0,0,0
1390,201,118,37,132,252,0,0,0
1400,202,119,38,133,252,0,0,0
1410,204,120,38,134,253,0,0,0
1420,206,121,39,135,253,0,0,0
1430,207,122,39,136,254,0,0,0
1440,209,122,40,137,254,0,0,0
1450,210,123,40,137,254,0,0,0
1460,212,124,41,138,255,0,0,0
1470,213,125,41,139,255,0,0,0
1480,215,126,42,140,255,0,0,0
1490,216,127,42,141,255,0,0,0
1500,218,128,43,142,255,0,0,0
1510,219,128,44,143,255,0,0,0
1520,220,129,44,143,255,0,0,0
1530,222,130,45,144,255,0,0,0
1540,223,131,45,145,255,0,0,0
1550,224,132,46,146,254,0,0,0
1560,226,133,46,147,254,0,0,0
1570,227,133,47,147,254,0,0,0
1580,228,134,48,148,253,0,0,0
1590,229,135,48,149,253,0,0,0
1600,231,136,49,150,252,0,0,0
1610,232,137,49,151,252,0,0,0
1620,233,138,50,152,251,0,0,0
1630,234,139,50,152,250,0,0,0
1640,235,139,51,153,250,0,0,0
1650,236,140,52,154,249,0,0,0
1660,237,141,52,155,248,0,0,0
1670,238,142,53,155,247,0,0,0
1680,239,143,54,156,246,0,0,0
1690,240,144,54,157,245,0,0,0
1700,241,144,55,158,244,0,0,0
1710,242,145,55,159,243,0,0,0
1720,243,146,56,159,242,0,0,0
1730,244,147,57,160,240,0,0,0
1740,245,148,57,161,239,0,0,0
1750,245,149,58,162,238,0,0,0
1760,246,150,59,163,237,0,0,0
1770,247,150,59,163,235,0,0,0
1780,247,151,60,164,234,0,0,0
1790,248,152,60,165,232,0,0,0
1800,249,153,61,166,231,0,0,0
1810,249,154,62,166,229,0,0,0
1820,250,155,62,167,227,0,0,0
1830,250,156,63,168,226,0,0,0
1840,251,156,64,169,224,0,0,0
1850,251,157,64,169,222,0,0,0
1860,252,158,65,170,220,0,0,0
1870,252,159,66,171,219,0,0,0
1880,253,160,66,172,217,0,0,0
1890,253,161,67,172,215,0,0,0
1900,253,162,68,173,213,0,0,0
1910,254,162,68,174,211,0,0,0
1920,254,163,69,175,209,0,0,0
1930,254,164,70,175,207,0,0,0
1940,254,165,70,176,205,0,0,0
1950,255,166,71,177,202,0,0,0
1960,255,167,72,177,200,0,0,0
1970,255,167,73,178,198,0,0,0
1980,255,168,73,179,196,0,0,0
1990,255,169,74,180,194,0,0,0
2000,255,170,75,180,191,0,0,0
2010,255,171,75,181,189,0,0,0
2020,255,172,76,182,187,0,0,0
2030,255,173,77,182,184,0,0,0
2040,255,173,78,183,182,0,0,0
2050,255,174,78,184,179,0,0,0
2060,254,175,79,185,177,0,0,0
2070,254,176,80,185,174,0,0,0
2080,254,177,80,186,172,0,0,0
2090,254,178,81,187,169,0,0,0
2100,253,178,82,187,167,0,0,0
2110,253,179,83,188,164,0,0,0
2120,253,180,83,189,162,0,0,0
2130,252,181,84,189,159,0,0,0
2140,252,182,85,190,157,0,0,0
2150,251,183,86,191,154,0,0,0
2160,251,184,86,191,151,0,0,0
2170,250,184,87,192,149,0,0,0
2180,250,185,88,193,146,0,0,0
2190,249,186,89,193,143,0,0,0
2200,249,187,89,194,141,0,0,0
2210,248,188,90,195,138,0,0,0
2220,247,189,91,195,136,0,0,0
2230,247,190,92,196,133,0,0,0
2240,246,190,92,196,130,0,0,0
2250,245,191,93,197,128,0,0,0
2260,245,192,94,198,125,0,0,0
2270,244,193,95,198,122,0,0,0
2280,243,194,96,199,119,0,0,0
2290,242,195,96,200,117,0,0,0
2300,241,196,97,200,114,0,0,0
2310,240,196,98,201,112,0,0,0
2320,239,197,99,201,109,0,0,0
2330,238,198,100,202,106,0,0,0
2340,237,199,100,203,104,0,0,0
2350,236,200,101,203,101,0,0,0
2360,235,201,102,204,98,0,0,0
2370,234,201,103,205,96,0,0,0
2380,233,202,103,205,93,0,0,0
2390,232,203,104,206,91,0,0,0
2400,231,204,105,206,88,0,0,0
2410,229,205,106,207,86,0,0,0
2420,228,206,107,207,83,0,0,0
2430,227,207,108,208,81,0,0,0
2440,226,207,108,209,78,0,0,0
2450,224,208,109,209,76,0,0,0
2460,223,209,110,210,73,0,0,0
2470,222,210,111,210,71,0,0,0
2480,220,211,112,211,68,0,0,0
2490,219,212,112,211,66,0,0,0
2500,218,212,113,212,64,0,0,0
2510,216,213,114,213,61,0,0,0
2520,215,214,115,213,59,0,0,0
2530,213,215,116,214,57,0,0,0
2540,212,216,117,214,55,0,0,0
2550,210,217,118,215,53,0,0,0
2560,209,218,118,215,50,0,0,0
2570,207,218,119,216,48,0,0,0
2580,206,219,120,216,46,0,0,0
2590,204,220,121,217,44,0,0,0
2600,202,221,122,217,42,0,0,0
2610,201,222,123,218,40,0,0,0
2620,199,223,123,218,38,0,0,0
2630,198,224,124,219,36,0,0,0
2640,196,224,125,219,35,0,0,0
2650,194,225,126,220,33,0,0,0
2660,192,226,127,221,31,0,0,0
2670,191,227,128,221,29,0,0,0
2680,189,228,129,222,28,0,0,0
2690,187,229,130,222,26,0,0,0
2700,185,230,130,222,24,0,0,0
2710,184,230,131,223,23,0,0,0
2720,182,231,132,223,21,0,0,0
2730,180,232,133,224,20,0,0,0
2740,178,233,134,224,18,0,0,0
2750,176,234,135,225,17,0,0,0
2760,174,235,136,225,16,0,0,0
2770,173,235,137,226,15,0,0,0
2780,171,236,137,226,13,0,0,0
2790,169,237,138,227,12,0,0,0
2800,167,238,139,227,11,0,0,0
2810,165,239,140,228,10,0,0,0
2820,163,240,141,228,9,0,0,0
2830,161,241,142,229,8,0,0,0
2840,159,241,143,229,7,0,0,0
2850,157,242,144,229,6,0,0,0
2860,155,243,145,230,5,0,0,0
2870,153,244,146,230,5,0,0,0
2880,151,245,146,231,4,0,0,0
2890,149,246,147,231,3,0,0,0
2900,147,246,148,232,3,0,0,0
2910,145,247,149,232,2,0,0,0
2920,143,248,150,232,2,0,0,0
2930,141,249,151,233,1,0,0,0
2940,139,250,152,233,1,0,0,0
2950,138,251,153,234,1,0,0,0
2960,136,252,154,234,0,0,0,0
2970,134,252,155,234,0,0,0,0
2980,132,253,156,235,0,0,0,0
2990,130,254,156,235,0,0,0,0
3000,128,255,157,236,0,0,0,0
3010,125,254,158,236,255,0,0,0
3020,123,253,159,236,255,0,0,0
3030,121,252,160,237,255,0,0,0
3040,119,252,161,237,255,0,0,0
3050,117,251,162,237,255,0,0,0
3060,116,250,163,238,255,0,0,0
3070,114,249,164,238,255,0,0,0
3080,112,248,165,239,255,0,0,0
3090,110,247,166,239,255,0,0,0
3100,108,246,167,239,255,0,0,0
3110,106,246,168,240,255,0,0,0
3120,104,245,169,240,255,0,0,0
3130,102,244,170,240,255,0,0,0
3140,100,243,171,241,255,0,0,0
3150,98,242,171,241,255,0,0,0
3160,96,241,172,241,255,0,0,0
3170,94,241,173,242,255,0,0,0
3180,92,240,174,242,255,0,0,0
3190,90,239,175,242,255,0,0,0
3200,88,238,176,243,255,0,0,0
3210,86,237,177,243,255,0,0,0
3220,84,236,178,243,255,0,0,0
3230,82,235,179,243,255,0,0,0
3240,81,235,180,244,255,0,0,0
3250,79,234,181,244,255,0,0,0
3260,77,233,182,244,255,0,0,0
3270,75,232,183,245,255,0,0,0
3280,73,231,184,245,255,0,0,0
3290,71,230,185,245,255,0,0,0
3300,70,230,186,245,255,0,0,0
3310,68,229,187,246,255,0,0,0
3320,66,228,188,246,255,0,0,0
3330,64,227,189,246,255,0,0,0
3340,63,226,190,246,255,0,0,0
3350,61,225,191,247,255,0,0,0
3360,59,224,192,247,255,0,0,0
3370,57,224,193,247,255,0,0,0
3380,56,223,194,247,255,0,0,0
3390,54,222,194,248,255,0,0,0
3400,53,221,195,248,255,0,0,0
3410,51,220,196,248,255,0,0,0
3420,49,219,197,248,255,0,0,0
3430,48,218,198,249,255,0,0,0
3440,46,218,199,249,255,0,0,0
3450,45,217,200,249,255,0,0,0
3460,43,216,201,249,255,0,0,0
3470,42,215,202,249,255,0,0,0
3480,40,214,203,250,255,0,0,0
3490,39,213,204,250,255,0,0,0
3500,37,212,205,250,255,0,0,0
3510,36,212,206,250,255,0,0,0
3520,35,211,207,250,255,0,0,0
3530,33,210,208,251,255,0,0,0
3540,32,209,209,251,255,0,0,0
3550,31,208,210,251,255,0,0,0
3560,29,207,211,251,255,0,0,0
3570,28,207,212,251,255,0,0,0
3580,27,206,213,252,255,0,0,0
3590,26,205,214,252,255,0,0,0
3600,24,204,215,252,255,0,0,0
3610,23,203,216,252,255,0,0,0
3620,22,202,217,252,255,0,0,0
3630,21,201,218,252,255,0,0,0
3640,20,201,219,252,255,0,0,0
3650,19,200,220,253,255,0,0,0
3660,18,199,221,253,255,0,0,0
3670,17,198,222,253,255,0,0,0
3680,16,197,223,253,255,0,0,0
3690,15,196,224,253,255,0,0,0
3700,14,196,225,253,255,0,0,0
3710,13,195,226,253,255,0,0,0
3720,12,194,227,253,255,0,0,0
3730,11,193,228,254,255,0,0,0
3740,10,192,229,254,255,0,0,0
3750,10,191,230,254,255,0,0,0
3760,9,190,231,254,255,0,0,0
3770,8,190,232,254,255,0,0,0
3780,8,189,233,254,255,0,0,0
3790,7,188,234,254,255,0,0,0
3800,6,187,235,254,255,0,0,0
3810,6,186,236,254,255,0,0,0
3820,5,185,237,254,255,0,0,0
3830,5,184,238,254,255,0,0,0
3840,4,184,239,254,255,0,0,0
3850,4,183,240,255,255,0,0,0
3860,3,182,241,255,255,0,0,0
3870,3,181,242,255,255,0,0,0
3880,2,180,243,255,255,0,0,0
3890,2,179,244,255,255,0,0,0
3900,2,178,245,255,255,0,0,0
3910,1,178,246,255,255,0,0,0
3920,1,177,247,255,255,0,0,0
3930,1,176,248,255,255,0,0,0
3940,1,175,249,255,255,0,0,0
3950,0,174,250,255,255,0,0,0
3960,0,173,251,255,255,0,0,0
3970,0,173,252,255,255,0,0,0
3980,0,172,253,255,255,0,0,0
3990,0,171,254,255,255,0,0,0
4000,0,170,254,255,255,0,0,0
4010,0,169,0,0,255,0,0,0
4020,0,168,0,1,255,0,0,0
4030,0,167,0,2,255,0,0,0
4040,0,167,0,3,255,0,0,0
4050,0,166,0,4,255,0,0,0
4060,0,165,0,5,255,0,0,0
4070,1,164,0,6,255,0,0,0
4080,1,163,0,7,255,0,0,0
4090,1,162,0,8,255,0,0,0
4100,1,162,0,9,255,0,0,0
4110,2,161,0,10,255,0,0,0
4120,2,160,0,11,255,0,0,0
4130,2,159,0,12,255,0,0,0
4140,3,158,0,13,255,0,0,0
4150,3,157,0,14,255,0,0,0
4160,4,156,0,15,255,0,0,0
4170,4,156,1,16,255,0,0,0
4180,5,155,1,17,255,0,0,0
4190,5,154,1,18,255,0,0,0
4200,6,153,1,19,255,0,0,0
4210,6,152,1,20,255,0,0,0
4220,7,151,1,21,255,0,0,0
4230,8,150,1,22,255,0,0,0
4240,8,150,1,23,255,0,0,0
4250,9,149,1,24,255,0,0,0
4260,10,148,1,25,255,0,0,0
4270,10,147,1,26,255,0,0,0
4280,11,146,1,27,255,0,0,0
4290,12,145,2,28,255,0,0,0
4300,13,144,2,29,255,0,0,0
4310,14,144,2,30,255,0,0,0
4320,15,143,2,31,255,0,0,0
4330,16,142,2,32,255,0,0,0
4340,17,141,2,33,255,0,0,0
4350,18,140,2,34,255,0,0,0
4360,19,139,2,35,255,0,0,0
4370,20,139,3,36,255,0,0,0
4380,21,138,3,37,255,0,0,0
4390,22,137,3,38,255,0,0,0
4400,23,136,3,39,255,0,0,0
4410,24,135,3,40,255,0,0,0
4420,26,134,3,41,255,0,0,0
4430,27,133,3,42,255,0,0,0
4440,28,133,4,43,255,0,0,0
4450,29,132,4,44,255,0,0,0
4460,31,131,4,45,255,0,0,0
4470,32,130,4,46,255,0,0,0
4480,33,129,4,47,255,0,0,0
4490,35,128,5,48,255,0,0,0
4500,36,128,5,49,255,0,0,0
4510,37,127,5,50,255,0,0,0
4520,39,126,5,51,255,0,0,0
4530,40,125,5,52,255,0,0,0
4540,42,124,6,53,255,0,0,0
4550,43,123,6,54,255,0,0,0
4560,45,122,6,55,255,0,0,0
4570,46,122,6,56,255,0,0,0
4580,48,121,6,57,255,0,0,0
4590,49,120,7,58,255,0,0,0
4600,51,119,7,59,255,0,0,0
4610,53,118,7,60,255,0,0,0
4620,54,117,7,61,255,0,0,0
4630,56,116,8,61,255,0,0,0
4640,57,116,8,62,255,0,0,0
4650,59,115,8,63,255,0,0,0
4660,61,114,8,64,255,0,0,0
4670,63,113,9,65,255,0,0,0
4680,64,112,9,66,255,0,0,0
4690,66,111,9,67,255,0,0,0
4700,68,110,9,68,255,0,0,0
4710,70,110,10,69,255,0,0,0
4720,71,109,10,70,255,0,0,0
4730,73,108,10,71,255,0,0,0
4740,75,107,10,72,255,0,0,0
4750,77,106,11,73,255,0,0,0
4760,79,105,11,74,255,0,0,0
4770,81,105,11,75,255,0,0,0
4780,82,104,12,76,255,0,0,0
4790,84,103,12,77,255,0,0,0
4800,86,102,12,78,255,0,0,0
4810,88,101,12,79,255,0,0,0
4820,90,100,13,80,255,0,0,0
4830,92,99,13,81,255,0,0,0
4840,94,99,13,82,255,0,0,0
4850,96,98,14,83,255,0,0,0
4860,98,97,14,84,255,0,0,0
4870,100,96,14,84,255,0,0,0
4880,102,95,15,85,255,0,0,0
4890,104,94,15,86,255,0,0,0
4900,106,94,15,87,255,0,0,0
4910,108,93,16,88,255,0,0,0
4920,110,92,16,89,255,0,0,0
4930,112,91,16,90,255,0,0,0
4940,114,90,17,91,255,0,0,0
4950,116,89,17,92,255,0,0,0
4960,117,88,18,93,255,0,0,0
4970,119,88,18,94,255,0,0,0
4980,121,87,18,95,255,0,0,0
4990,123,86,19,96,255,0,0,0
5000,125,85,19,97,255,0,0,0
5010,127,84,19,98,255,0,0,0
5020,130,83,20,99,255,0,0,0
5030,132,82,20,99,254,0,0,0
5040,134,82,21,100,252,0,0,0
5050,136,81,21,101,251,0,0,0
5060,138,80,21,102,250,0,0,0
5070,139,79,22,103,249,0,0,0
5080,141,78,22,104,247,0,0,0
5090,143,77,23,105,246,0,0,0
5100,145,76,23,106,245,0,0,0
5110,147,76,23,107,244,0,0,0
5120,149,75,24,108,242,0,0,0
5130,151,74,24,109,241,0,0,0
5140,153,73,25,109,240,0,0,0
5150,155,72,25,110,238,0,0,0
5160,157,71,26,111,237,0,0,0
5170,159,71,26,112,236,0,0,0
5180,161,70,26,113,235,0,0,0
5190,163,69,27,114,233,0,0,0
5200,165,68,27,115,232,0,0,0
5210,167,67,28,116,231,0,0,0
5220,169,66,28,117,230,0,0,0
5230,171,65,29,118,228,0,0,0
5240,173,65,29,118,227,0,0,0
5250,174,64,30,119,226,0,0,0
5260,176,63,30,120,224,0,0,0
5270,178,62,31,121,223,0,0,0
5280,180,61,31,122,222,0,0,0
5290,182,60,32,123,221,0,0,0
5300,184,60,32,124,219,0,0,0
5310,185,59,33,125,218,0,0,0
5320,187,58,33,125,217,0,0,0
5330,189,57,33,126,215,0,0,0
5340,191,56,34,127,214,0,0,0
5350,192,55,34,128,213,0,0,0
5360,194,54,35,129,212,0,0,0
5370,196,54,36,130,210,0,0,0
5380,198,53,36,131,209,0,0,0
5390,199,52,37,132,208,0,0,0
5400,201,51,37,132,207,0,0,0
5410,202,50,38,133,205,0,0,0
5420,204,49,38,134,204,0,0,0
5430,206,48,39,135,203,0,0,0
5440,207,48,39,136,201,0,0,0
5450,209,47,40,137,200,0,0,0
5460,210,46,40,137,199,0,0,0
5470,212,45,41,138,198,0,0,0
5480,213,44,41,139,196,0,0,0
5490,215,43,42,140,195,0,0,0
5500,216,42,42,141,194,0,0,0
5510,218,42,43,142,193,0,0,0
5520,219,41,44,143,191,0,0,0
5530,220,40,44,143,190,0,0,0
5540,222,39,45,144,189,0,0,0
5550,223,38,45,145,187,0,0,0
5560,224,37,46,146,186,0,0,0
5570,226,37,46,147,185,0,0,0
5580,227,36,47,147,184,0,0,0
5590,228,35,48,148,182,0,0,0
5600,229,34,48,149,181,0,0,0
5610,231,33,49,150,180,0,0,0
5620,232,32,49,151,178,0,0,0
5630,233,31,50,152,177,0,0,0
5640,234,31,50,152,176,0,0,0
5650,235,30,51,153,175,0,0,0
5660,236,29,52,154,173,0,0,0
5670,237,28,52,155,172,0,0,0
5680,238,27,53,155,171,0,0,0
5690,239,26,54,156,170,0,0,0
5700,240,26,54,157,168,0,0,0
5710,241,25,55,158,167,0,0,0
5720,242,24,55,159,166,0,0,0
5730,243,23,56,159,164,0,0,0
5740,244,22,57,160,163,0,0,0
5750,245,21,57,161,162,0,0,0
5760,245,20,58,162,161,0,0,0
5770,246,20,59,163,159,0,0,0
5780,247,19,59,163,158,0,0,0
5790,247,18,60,164,157,0,0,0
5800,248,17,60,165,156,0,0,0
5810,249,16,61,166,154,0,0,0
5820,249,15,62,166,153,0,0,0
5830,250,14,62,167,152,0,0,0
5840,250,14,63,168,150,0,0,0
5850,251,13,64,169,149,0,0,0
5860,251,12,64,169,148,0,0,0
5870,252,11,65,170,147,0,0,0
5880,252,10,66,171,145,0,0,0
5890,253,9,66,172,144,0,0,0
5900,253,8,67,172,143,0,0,0
5910,253,8,68,173,142,0,0,0
5920,254,7,68,174,140,0,0,0
5930,254,6,69,175,139,0,0,0
5940,254,5,70,175,138,0,0,0
5950,254,4,70,176,136,0,0,0
5960,255,3,71,177,135,0,0,0
5970,255,3,72,177,134,0,0,0
5980,255,2,73,178,133,0,0,0
5990,255,1,73,179,131,0,0,0
6000,255,1,74,180,130,0,0,0
6010,255,0,75,180,129,0,0,0
6020,255,1,75,181,128,0,0,0
6030,255,2,76,182,126,0,0,0
6040,255,3,77,182,125,0,0,0
6050,255,3,78,183,124,0,0,0
6060,255,4,78,184,122,0,0,0
6070,254,5,79,185,121,0,0,0
6080,254,6,80,185,120,0,0,0
6090,254,7,80,186,119,0,0,0
6100,254,8,81,187,117,0,0,0
6110,253,8,82,187,116,0,0,0
6120,253,9,83,188,115,0,0,0
6130,253,10,83,189,113,0,0,0
6140,252,11,84,189,112,0,0,0
6150,252,12,85,190,111,0,0,0
6160,251,13,86,191,110,0,0,0
6170,251,14,86,191,108,0,0,0
6180,250,14,87,192,107,0,0,0
6190,250,15,88,193,106,0,0,0
6200,249,16,89,193,105,0,0,0
6210,249,17,89,194,103,0,0,0
6220,248,18,90,195,102,0,0,0
6230,247,19,91,195,101,0,0,0
6240,247,20,92,196,99,0,0,0
6250,246,20,92,196,98,0,0,0
6260,245,21,93,197,97,0,0,0
6270,245,22,94,198,96,0,0,0
6280,244,23,95,198,94,0,0,0
6290,243,24,96,199,93,0,0,0
6300,242,25,96,200,92,0,0,0
6310,241,26,97,200,91,0,0,0
6320,240,26,98,201,89,0,0,0
6330,239,27,99,201,88,0,0,0
6340,238,28,100,202,87,0,0,0
6350,237,29,100,203,85,0,0,0
6360,236,30,101,203,84,0,0,0
6370,235,31,102,204,83,0,0,0
6380,234,31,103,205,82,0,0,0
6390,233,32,103,205,80,0,0,0
6400,232,33,104,206,79,0,0,0
6410,231,34,105,206,78,0,0,0
6420,229,35,106,207,76,0,0,0
6430,228,36,107,207,75,0,0,0
6440,227,37,108,208,74,0,0,0
6450,226,37,108,209,73,0,0,0
6460,224,38,109,209,71,0,0,0
6470,223,39,110,210,70,0,0,0
6480,222,40,111,210,69,0,0,0
6490,220,41,112,211,68,0,0,0
6500,219,42,112,211,66,0,0,0
6510,218,42,113,212,65,0,0,0
6520,216,43,114,213,64,0,0,0
6530,215,44,115,213,62,0,0,0
6540,213,45,116,214,61,0,0,0
6550,212,46,117,214,60,0,0,0
6560,210,47,118,215,59,0,0,0
6570,209,48,118,215,57,0,0,0
6580,207,48,119,216,56,0,0,0
6590,206,49,120,216,55,0,0,0
6600,204,50,121,217,54,0,0,0
6610,202,51,122,217,52,0,0,0
6620,201,52,123,218,51,0,0,0
6630,199,53,123,218,50,0,0,0
6640,198,54,124,219,48,0,0,0
6650,196,54,125,219,47,0,0,0
6660,194,55,126,220,46,0,0,0
6670,192,56,127,221,45,0,0,0
6680,191,57,128,221,43,0,0,0
6690,189,58,129,222,42,0,0,0
6700,187,59,130,222,41,0,0,0
6710,185,60,130,222,40,0,0,0
6720,184,60,131,223,38,0,0,0
6730,182,61,132,223,37,0,0,0
6740,180,62,133,224,36,0,0,0
6750,178,63,134,224,34,0,0,0
6760,176,64,135,225,33,0,0,0
6770,174,65,136,225,32,0,0,0
6780,173,65,137,226,31,0,0,0
6790,171,66,137,226,29,0,0,0
6800,169,67,138,227,28,0,0,0
6810,167,68,139,227,27,0,0,0
6820,165,69,140,228,26,0,0,0
6830,163,70,141,228,24,0,0,0
6840,161,71,142,229,23,0,0,0
6850,159,71,143,229,22,0,0,0
6860,157,72,144,229,20,0,0,0
6870,155,73,145,230,19,0,0,0
6880,153,74,146,230,18,0,0,0
6890,151,75,146,231,17,0,0,0
6900,149,76,147,231,15,0,0,0
6910,147,76,148,232,14,0,0,0
6920,145,77,149,232,13,0,0,0
6930,143,78,150,232,11,0,0,0
6940,141,79,151,233,10,0,0,0
6950,139,80,152,233,9,0,0,0
6960,138,81,153,234,8,0,0,0
6970,136,82,154,234,6,0,0,0
6980,134,82,155,234,5,0,0,0
6990,132,83,156,235,4,0,0,0
7000,130,84,156,235,3,0,0,0
7010,128,85,157,236,1,0,0,0
7020,125,86,158,236,1,0,0,0
7030,123,87,159,236,1,0,0,0
7040,121,88,160,237,1,0,0,0
7050,119,88,161,237,1,0,0,0
7060,117,89,162,237,1,0,0,0
7070,116,90,163,238,1,0,0,0
7080,114,91,164,238,1,0,0,0
7090,112,92,165,239,1,0,0,0
7100,110,93,166,239,1,0,0,0
7110,108,94,167,239,1,0,0,0
7120,106,94,168,240,1,0,0,0
7130,104,95,169,240,1,0,0,0
7140,102,96,170,240,1,0,0,0
7150,100,97,171,241,1,0,0,0
7160,98,98,171,241,1,0,0,0
7170,96,99,172,241,1,0,0,0
7180,94,99,173,242,1,0,0,0
7190,92,100,174,242,1,0,0,0
7200,90,101,175,242,1,0,0,0
7210,88,102,176,243,1,0,0,0
7220,86,103,177,243,1,0,0,0
7230,84,104,178,243,1,0,0,0
7240,82,105,179,243,1,0,0,0
7250,81,105,180,244,1,0,0,0
7260,79,106,181,244,1,0,0,0
7270,77,107,182,244,1,0,0,0
7280,75,108,183,245,1,0,0,0
7290,73,109,184,245,1,0,0,0
7300,71,110,185,245,1,0,0,0
7310,70,110,186,245,1,0,0,0
7320,68,111,187,246,1,0,0,0
7330,66,112,188,246,1,0,0,0
7340,64,113,189,246,1,0,0,0
7350,63,114,190,246,1,0,0,0
7360,61,115,191,247,1,0,0,0
7370,59,116,192,247,1,0,0,0
7380,57,116,193,247,1,0,0,0
7390,56,117,194,247,1,0,0,0
7400,54,118,194,248,1,0,0,0
7410,53,119,195,248,1,0,0,0
7420,51,120,196,248,1,0,0,0
7430,49,121,197,248,1,0,0,0
7440,48,122,198,249,1,0,0,0
7450,46,122,199,249,1,0,0,0
7460,45,123,200,249,1,0,0,0
7470,43,124,201,249,1,0,0,0
7480,42,125,202,249,1,0,0,0
7490,40,126,203,250,1,0,0,0
7500,39,127,204,250,1,0,0,0
7510,37,128,205,250,1,0,0,0
7520,36,128,206,250,1,0,0,0
7530,35,129,207,250,1,0,0,0
7540,33,130,208,251,1,0,0,0
7550,32,131,209,251,1,0,0,0
7560,31,132,210,251,1,0,0,0
7570,29,133,211,251,1,0,0,0
7580,28,133,212,251,1,0,0,0
7590,27,134,213,252,1,0,0,0
7600,26,135,214,252,1,0,0,0
7610,24,136,215,252,1,0,0,0
7620,23,137,216,252,1,0,0,0
7630,22,138,217,252,1,0,0,0
7640,21,139,218,252,1,0,0,0
7650,20,139,219,252,1,0,0,0
7660,19,140,220,253,1,0,0,0
7670,18,141,221,253,1,0,0,0
7680,17,142,222,253,1,0,0,0
7690,16,143,223,253,1,0,0,0
7700,15,144,224,253,1,0,0,0
7710,14,144,225,253,1,0,0,0
7720,13,145,226,253,1,0,0,0
7730,12,146,227,253,1,0,0,0
7740,11,147,228,254,1,0,0,0
7750,10,148,229,254,1,0,0,0
7760,10,149,230,254,1,0,0,0
7770,9,150,231,254,1,0,0,0
7780,8,150,232,254,1,0,0,0
7790,8,151,233,254,1,0,0,0
7800,7,152,234,254,1,0,0,0
7810,6,153,235,254,1,0,0,0
7820,6,154,236,254,1,0,0,0
7830,5,155,237,254,1,0,0,0
7840,5,156,238,254,1,0,0,0
7850,4,156,239,254,1,0,0,0
7860,4,157,240,255,1,0,0,0
7870,3,158,241,255,1,0,0,0
7880,3,159,242,255,1,0,0,0
7890,2,160,243,255,1,0,0,0
7900,2,161,244,255,1,0,0,0
7910,2,162,245,255,1,0,0,0
7920,1,162,246,255,1,0,0,0
7930,1,163,247,255,1,0,0,0
7940,1,164,248,255,1,0,0,0
7950,1,165,249,255,1,0,0,0
7960,0,166,250,255,1,0,0,0
7970,0,167,251,255,1,0,0,0
7980,0,167,252,255,1,0,0,0
7990,0,168,253,255,1,0,0,0
8000,0,169,254,255,1,0,0,0
8010,0,170,254,255,1,0,0,0
8020,0,171,254,255,1,0,0,0
8030,0,172,254,255,1,0,0,0
8040,0,173,254,255,1,0,0,0
8050,0,173,254,255,1,0,0,0
8060,0,174,254,255,1,0,0,0
8070,0,175,254,255,1,0,0,0
8080,1,176,254,255,1,0,0,0
8090,1,177,254,255,1,0,0,0
8100,1,178,254,255,1,0,0,0
8110,1,178,254,255,1,0,0,0
8120,2,179,254,255,1,0,0,0
8130,2,180,254,255,1,0,0,0
8140,2,181,254,255,1,0,0,0
8150,3,182,254,255,1,0,0,0
8160,3,183,254,255,1,0,0,0
8170,4,184,254,255,1,0,0,0
8180,4,184,254,255,1,0,0,0
8190,5,185,254,255,1,0,0,0
8200,5,186,254,255,1,0,0,0
8210,6,187,254,255,1,0,0,0
8220,6,188,254,255,1,0,0,0
8230,7,189,254,255,1,0,0,0
8240,8,190,254,255,1,0,0,0
8250,8,190,254,255,1,0,0,0
8260,9,191,254,255,1,0,0,0
8270,10,192,254,255,1,0,0,0
8280,10,193,254,255,1,0,0,0
8290,11,194,254,255,1,0,0,0
8300,12,195,254,255,1,0,0,0
8310,13,196,254,255,1,0,0,0
8320,14,196,254,255,1,0,0,0
8330,15,197,254,255,1,0,0,0
8340,16,198,254,255,1,0,0,0
8350,17,199,254,255,1,0,0,0
8360,18,200,254,255,1,0,0,0
8370,19,201,254,255,1,0,0,0
8380,20,201,254,255,1,0,0,0
8390,21,202,254,255,1,0,0,0
8400,22,203,254,255,1,0,0,0
8410,23,204,254,255,1,0,0,0
8420,24,205,254,255,1,0,0,0
8430,26,206,254,255,1,0,0,0
8440,27,207,254,255,1,0,0,0
8450,28,207,254,255,1,0,0,0
8460,29,208,254,255,1,0,0,0
8470,31,209,254,255,1,0,0,0
8480,32,210,254,255,1,0,0,0
8490,33,211,254,255,1,0,0,0
8500,35,212,254,255,1,0,0,0
8510,36,212,254,255,1,0,0,0
8520,37,213,254,255,1,0,0,0
8530,39,214,254,255,1,0,0,0
8540,40,215,254,255,1,0,0,0
8550,42,216,254,255,1,0,0,0
8560,43,217,254,255,1,0,0,0
8570,45,218,254,255,1,0,0,0
8580,46,218,254,255,1,0,0,0
8590,48,219,254,255,1,0,0,0
8600,49,220,254,255,1,0,0,0
8610,51,221,254,255,1,0,0,0
8620,53,222,254,255,1,0,0,0
8630,54,223,254,255,1,0,0,0
8640,56,224,254,255,1,0,0,0
8650,57,224,254,255,1,0,0,0
8660,59,225,254,255,1,0,0,0
8670,61,226,254,255,1,0,0,0
8680,63,227,254,255,1,0,0,0
8690,64,228,254,255,1,0,0,0
8700,66,229,254,255,1,0,0,0
8710,68,230,254,255,1,0,0,0
8720,70,230,254,255,1,0,0,0
8730,71,231,254,255,1,0,0,0
8740,73,232,254,255,1,0,0,0
8750,75,233,254,255,1,0,0,0
8760,77,234,254,255,1,0,0,0
8770,79,235,254,255,1,0,0,0
8780,81,235,254,255,1,0,0,0
8790,82,236,254,255,1,0,0,0
8800,84,237,254,255,1,0,0,0
8810,86,238,254,255,1,0,0,0
8820,88,239,254,255,1,0,0,0
8830,90,240,254,255,1,0,0,0
8840,92,241,254,255,1,0,0,0
8850,94,241,254,255,1,0,0,0
8860,96,242,254,255,1,0,0,0
8870,98,243,254,255,1,0,0,0
8880,100,244,254,255,1,0,0,0
8890,102,245,254,255,1,0,0,0
8900,104,246,254,255,1,0,0,0
8910,106,246,254,255,1,0,0,0
8920,108,247,254,255,1,0,0,0
8930,110,248,254,255,1,0,0,0
8940,112,249,254,255,1,0,0,0
8950,114,250,254,255,1,0,0,0
8960,116,251,254,255,1,0,0,0
8970,117,252,254,255,1,0,0,0
8980,119,252,254,255,1,0,0,0
8990,121,253,254,255,1,0,0,0
9000,123,254,254,255,1,0,0,0
9010,125,255,254,255,1,0,0,0
9020,127,254,254,255,1,0,0,0
9030,130,253,254,255,1,0,0,0
9040,132,252,254,255,1,0,0,0
9050,134,252,254,255,1,0,0,0
9060,136,251,254,255,1,0,0,0
9070,138,250,254,255,1,0,0,0
9080,139,249,254,255,1,0,0,0
9090,141,248,254,255,1,0,0,0
9100,143,247,254,255,1,0,0,0
9110,145,246,254,255,1,0,0,0
9120,147,246,254,255,1,0,0,0
9130,149,245,254,255,1,0,0,0
9140,151,244,254,255,1,0,0,0
9150,153,243,254,255,1,0,0,0
9160,155,242,254,255,1,0,0,0
9170,157,241,254,255,1,0,0,0
9180,159,241,254,255,1,0,0,0
9190,161,240,254,255,1,0,0,0
9200,163,239,254,255,1,0,0,0
9210,165,238,254,255,1,0,0,0
9220,167,237,254,255,1,0,0,0
9230,169,236,254,255,1,0,0,0
9240,171,235,254,255,1,0,0,0
9250,173,235,254,255,1,0,0,0
9260,174,234,254,255,1,0,0,0
9270,176,233,254,255,1,0,0,0
9280,178,232,254,255,1,0,0,0
9290,180,231,254,255,1,0,0,0
9300,182,230,254,255,1,0,0,0
9310,184,230,254,255,1,0,0,0
9320,185,229,254,255,1,0,0,0
9330,187,228,254,255,1,0,0,0
9340,189,227,254,255,1,0,0,0
9350,191,226,254,255,1,0,0,0
9360,192,225,254,255,1,0,0,0
9370,194,224,254,255,1,0,0,0
9380,196,224,254,255,1,0,0,0
9390,198,223,254,255,1,0,0,0
9400,199,222,254,255,1,0,0,0
9410,201,221,254,255,1,0,0,0
9420,202,220,254,255,1,0,0,0
9430,204,219,254,255,1,0,0,0
9440,206,218,254,255,1,0,0,0
9450,207,218,254,255,1,0,0,0
9460,209,217,254,255,1,0,0,0
9470,210,216,254,255,1,0,0,0
9480,212,215,254,255,1,0,0,0
9490,213,214,254,255,1,0,0,0
9500,215,213,254,255,1,0,0,0
9510,216,212,254,255,1,0,0,0
9520,218,212,254,255,1,0,0,0
9530,219,211,254,255,1,0,0,0
9540,220,210,254,255,1,0,0,0
9550,222,209,254,255,1,0,0,0
9560,223,208,254,255,1,0,0,0
9570,224,207,254,255,1,0,0,0
9580,226,207,254,255,1,0,0,0
9590,227,206,254,255,1,0,0,0
9600,228,205,254,255,1,0,0,0
9610,229,204,254,255,1,0,0,0
9620,231,203,254,255,1,0,0,0
9630,232,202,254,255,1,0,0,0
9640,233,201,254,255,1,0,0,0
9650,234,201,254,255,1,0,0,0
9660,235,200,254,255,1,0,0,0
9670,236,199,254,255,1,0,0,0
9680,237,198,254,255,1,0,0,0
9690,238,197,254,255,1,0,0,0
9700,239,196,254,255,1,0,0,0
9710,240,196,254,255,1,0,0,0
9720,241,195,254,255,1,0,0,0
9730,242,194,254,255,1,0,0,0
9740,243,193,254,255,1,0,0,0
9750,244,192,254,255,1,0,0,0
9760,245,191,254,255,1,0,0,0
9770,245,190,254,255,1,0,0,0
9780,246,190,254,255,1,0,0,0
9790,247,189,254,255,1,0,0,0
9800,247,188,254,255,1,0,0,0
9810,248,187,254,255,1,0,0,0
9820,249,186,254,255,1,0,0,0
9830,249,185,254,255,1,0,0,0
9840,250,184,254,255,1,0,0,0
9850,250,184,254,255,1,0,0,0
9860,251,183,254,255,1,0,0,0
9870,251,182,254,255,1,0,0,0
9880,252,181,254,255,1,0,0,0
9890,252,180,254,255,1,0,0,0
9900,253,179,254,255,1,0,0,0
9910,253,178,254,255,1,0,0,0
9920,253,178,254,255,1,0,0,0
9930,254,177,254,255,1,0,0,0
9940,254,176,254,255,1,0,0,0
9950,254,175,254,255,1,0,0,0
9960,254,174,254,255,1,0,0,0
9970,255,173,254,255,1,0,0,0
9980,255,173,254,255,1,0,0,0
9990,255,172,254,255,1,0,0,0
10000,255,171,254,255,1,0,0,0
10010,255,170,254,255,1,0,0,0
10020,255,169,254,255,1,0,0,0
10030,255,168,254,255,1,0,0,0
10040,255,167,254,255,1,0,0,0
10050,255,167,254,255,1,0,0,0
10060,255,166,254,255,1,0,0,0
10070,255,165,254,255,1,0,0,0
10080,254,164,254,255,1,0,0,0
10090,254,163,254,255,1,0,0,0
10100,254,162,254,255,1,0,0,0
10110,254,162,254,255,1,0,0,0
10120,253,161,254,255,1,0,0,0
10130,253,160,254,255,1,0,0,0
10140,253,159,254,255,1,0,0,0
10150,252,158,254,255,1,0,0,0
10160,252,157,254,255,1,0,0,0
10170,251,156,254,255,1,0,0,0
10180,251,156,254,255,1,0,0,0
10190,250,155,254,255,1,0,0,0
10200,250,154,254,255,1,0,0,0
10210,249,153,254,255,1,0,0,0
10220,249,152,254,255,1,0,0,0
10230,248,151,254,255,1,0,0,0
10240,247,150,254,255,1,0,0,0
10250,247,150,254,255,1,0,0,0
10260,246,149,254,255,1,0,0,0
10270,245,148,254,255,1,0,0,0
10280,245,147,254,255,1,0,0,0
10290,244,146,254,255,1,0,0,0
10300,243,145,254,255,1,0,0,0
10310,242,144,254,255,1,0,0,0
10320,241,144,254,255,1,0,0,0
10330,240,143,254,255,1,0,0,0
10340,239,142,254,255,1,0,0,0
10350,238,141,254,255,1,0,0,0
10360,237,140,254,255,1,0,0,0
10370,236,139,254,255,1,0,0,0
10380,235,139,254,255,1,0,0,0
10390,234,138,254,255,1,0,0,0
10400,233,137,254,255,1,0,0,0
10410,232,136,254,255,1,0,0,0
10420,231,135,254,255,1,0,0,0
10430,229,134,254,255,1,0,0,0
10440,228,133,254,255,1,0,0,0
10450,227,133,254,255,1,0,0,0
10460,226,132,254,255,1,0,0,0
10470,224,131,254,255,1,0,0,0
10480,223,130,254,255,1,0,0,0
10490,222,129,254,255,1,0,0,0
10500,220,128,254,255,1,0,0,0
10510,219,128,254,255,1,0,0,0
10520,218,127,254,255,1,0,0,0
10530,216,126,254,255,1,0,0,0
10540,215,125,254,255,1,0,0,0
10550,213,124,254,255,1,0,0,0
10560,212,123,254,255,1,0,0,0
10570,210,122,254,255,1,0,0,0
10580,209,122,254,255,1,0,0,0
10590,207,121,254,255,1,0,0,0
10600,206,120,254,255,1,0,0,0
10610,204,119,254,255,1,0,0,0
10620,202,118,254,255,1,0,0,0
10630,201,117,254,255,1,0,0,0
10640,199,116,254,255,1,0,0,0
10650,198,116,254,255,1,0,0,0
10660,196,115,254,255,1,0,0,0
10670,194,114,254,255,1,0,0,0
10680,192,113,254,255,1,0,0,0
10690,191,112,254,255,1,0,0,0
10700,189,111,254,255,1,0,0,0
10710,187,110,254,255,1,0,0,0
10720,185,110,254,255,1,0,0,0
10730,184,109,254,255,1,0,0,0
10740,182,108,254,255,1,0,0,0
10750,180,107,254,255,1,0,0,0
10760,178,106,254,255,1,0,0,0
10770,176,105,254,255,1,0,0,0
10780,174,105,254,255,1,0,0,0
10790,173,104,254,255,1,0,0,0
10800,171,103,254,255,1,0,0,0
10810,169,102,254,255,1,0,0,0
10820,167,101,254,255,1,0,0,0
10830,165,100,254,255,1,0,0,0
10840,163,99,254,255,1,0,0,0
10850,161,99,254,255,1,0,0,0
10860,159,98,254,255,1,0,0,0
10870,157,97,254,255,1,0,0,0
10880,155,96,254,255,1,0,0,0
10890,153,95,254,255,1,0,0,0
10900,151,94,254,255,1,0,0,0
10910,149,94,254,255,1,0,0,0
10920,147,93,254,255,1,0,0,0
10930,145,92,254,255,1,0,0,0
10940,143,91,254,255,1,0,0,0
10950,141,90,254,255,1,0,0,0
10960,139,89,254,255,1,0,0,0
10970,138,88,254,255,1,0,0,0
10980,136,88,254,255,1,0,0,0
10990,134,87,254,255,1,0,0,0
11000,132,86,254,255,1,0,0,0
11010,130,85,254,255,1,0,0,0
11020,128,84,254,255,1,0,0,0
11030,125,83,254,255,1,0,0,0
11040,123,82,254,255,1,0,0,0
11050,121,82,254,255,1,0,0,0
11060,119,81,254,255,1,0,0,0
11070,117,80,254,255,1,0,0,0
11080,116,79,254,255,1,0,0,0
11090,114,78,254,255,1,0,0,0
11100,112,77,254,255,1,0,0,0
11110,110,76,254,255,1,0,0,0
11120,108,76,254,255,1,0,0,0
11130,106,75,254,255,1,0,0,0
11140,104,74,254,255,1,0,0,0
11150,102,73,254,255,1,0,0,0
11160,100,72,254,255,1,0,0,0
11170,98,71,254,255,1,0,0,0
11180,96,71,254,255,1,0,0,0
11190,94,70,254,255,1,0,0,0
11200,92,69,254,255,1,0,0,0
11210,90,68,254,255,1,0,0,0
11220,88,67,254,255,1,0,0,0
11230,86,66,254,255,1,0,0,0
11240,84,65,254,255,1,0,0,0
11250,82,65,254,255,1,0,0,0
11260,81,64,254,255,1,0,0,0
11270,79,63,254,255,1,0,0,0
11280,77,62,254,255,1,0,0,0
11290,75,61,254,255,1,0,0,0
11300,73,60,254,255,1,0,0,0
11310,71,60,254,255,1,0,0,0
11320,70,59,254,255,1,0,0,0
11330,68,58,254,255,1,0,0,0
11340,66,57,254,255,1,0,0,0
11350,64,56,254,255,1,0,0,0
11360,63,55,254,255,1,0,0,0
11370,61,54,254,255,1,0,0,0
11380,59,54,254,255,1,0,0,0
11390,57,53,254,255,1,0,0,0
11400,56,52,254,255,1,0,0,0
11410,54,51,254,255,1,0,0,0
11420,53,50,254,255,1,0,0,0
11430,51,49,254,255,1,0,0,0
11440,49,48,254,255,1,0,0,0
11450,48,48,254,255,1,0,0,0
11460,46,47,254,255,1,0,0,0
11470,45,46,254,255,1,0,0,0
11480,43,45,254,255,1,0,0,0
11490,42,44,254,255,1,0,0,0
11500,40,43,254,255,1,0,0,0
11510,39,42,254,255,1,0,0,0
11520,37,42,254,255,1,0,0,0
11530,36,41,254,255,1,0,0,0
11540,35,40,254,255,1,0,0,0
11550,33,39,254,255,1,0,0,0
11560,32,38,254,255,1,0,0,0
11570,31,37,254,255,1,0,0,0
11580,29,37,254,255,1,0,0,0
11590,28,36,254,255,1,0,0,0
11600,27,35,254,255,1,0,0,0
11610,26,34,254,255,1,0,0,0
11620,24,33,254,255,1,0,0,0
11630,23,32,254,255,1,0,0,0
11640,22,31,254,255,1,0,0,0
11650,21,31,254,255,1,0,0,0
11660,20,30,254,255,1,0,0,0
11670,19,29,254,255,1,0,0,0
11680,18,28,254,255,1,0,0,0
11690,17,27,254,255,1,0,0,0
11700,16,26,254,255,1,0,0,0
11710,15,26,254,255,1,0,0,0
11720,14,25,254,255,1,0,0,0
11730,13,24,254,255,1,0,0,0
11740,12,23,254,255,1,0,0,0
11750,11,22,254,255,1,0,0,0
11760,10,21,254,255,1,0,0,0
11770,10,20,254,255,1,0,0,0
11780,9,20,254,255,1,0,0,0
11790,8,19,254,255,1,0,0,0
11800,8,18,254,255,1,0,0,0
11810,7,17,254,255,1,0,0,0
11820,6,16,254,255,1,0,0,0
11830,6,15,254,255,1,0,0,0
11840,5,14,254,255,1,0,0,0
11850,5,14,254,255,1,0,0,0
11860,4,13,254,255,1,0,0,0
11870,4,12,254,255,1,0,0,0
11880,3,11,254,255,1,0,0,0
11890,3,10,254,255,1,0,0,0
11900,2,9,254,255,1,0,0,0
11910,2,8,254,255,1,0,0,0
11920,2,8,254,255,1,0,0,0
11930,1,7,254,255,1,0,0,0
11940,1,6,254,255,1,0,0,0
11950,1,5,254,255,1,0,0,0
11960,1,4,254,255,1,0,0,0
11970,0,3,254,255,1,0,0,0
11980,0,3,254,255,1,0,0,0
11990,0,2,254,255,1,0,0,0
12000,0,1,254,255,1,0,0,0
